{
    "name": "root",
    "gauges": {
        "Huggy.Policy.Entropy.mean": {
            "value": 1.43019700050354,
            "min": 1.418938398361206,
            "max": 1.4364262819290161,
            "count": 200
        },
        "Huggy.Policy.Entropy.sum": {
            "value": 13930.119140625,
            "min": 9366.734375,
            "max": 19199.65625,
            "count": 200
        },
        "Huggy.Environment.EpisodeLength.mean": {
            "value": 105.58064516129032,
            "min": 86.31521739130434,
            "max": 455.6190476190476,
            "count": 200
        },
        "Huggy.Environment.EpisodeLength.sum": {
            "value": 9819.0,
            "min": 6810.0,
            "max": 13147.0,
            "count": 200
        },
        "Huggy.Step.mean": {
            "value": 1999921.0,
            "min": 9300.0,
            "max": 1999921.0,
            "count": 200
        },
        "Huggy.Step.sum": {
            "value": 1999921.0,
            "min": 9300.0,
            "max": 1999921.0,
            "count": 200
        },
        "Huggy.Policy.ExtrinsicValueEstimate.mean": {
            "value": 2.438722610473633,
            "min": 0.4593692421913147,
            "max": 2.6257288455963135,
            "count": 200
        },
        "Huggy.Policy.ExtrinsicValueEstimate.sum": {
            "value": 226.8011932373047,
            "min": 10.385278701782227,
            "max": 294.0816345214844,
            "count": 200
        },
        "Huggy.Environment.CumulativeReward.mean": {
            "value": 3.4915676014397734,
            "min": 1.650658818808469,
            "max": 4.185977749029795,
            "count": 200
        },
        "Huggy.Environment.CumulativeReward.sum": {
            "value": 324.7157869338989,
            "min": 36.314494013786316,
            "max": 416.31050419807434,
            "count": 200
        },
        "Huggy.Policy.ExtrinsicReward.mean": {
            "value": 3.4915676014397734,
            "min": 1.650658818808469,
            "max": 4.185977749029795,
            "count": 200
        },
        "Huggy.Policy.ExtrinsicReward.sum": {
            "value": 324.7157869338989,
            "min": 36.314494013786316,
            "max": 416.31050419807434,
            "count": 200
        },
        "Huggy.IsTraining.mean": {
            "value": 1.0,
            "min": 1.0,
            "max": 1.0,
            "count": 200
        },
        "Huggy.IsTraining.sum": {
            "value": 1.0,
            "min": 1.0,
            "max": 1.0,
            "count": 200
        },
        "Huggy.Losses.PolicyLoss.mean": {
            "value": 0.013850648809845248,
            "min": 0.012068606311125525,
            "max": 0.02340945731072376,
            "count": 97
        },
        "Huggy.Losses.PolicyLoss.sum": {
            "value": 0.013850648809845248,
            "min": 0.012068606311125525,
            "max": 0.02340945731072376,
            "count": 97
        },
        "Huggy.Losses.ValueLoss.mean": {
            "value": 0.1157666598757108,
            "min": 0.029796229427059492,
            "max": 0.1643851302564144,
            "count": 97
        },
        "Huggy.Losses.ValueLoss.sum": {
            "value": 0.1157666598757108,
            "min": 0.029796229427059492,
            "max": 0.1643851302564144,
            "count": 97
        },
        "Huggy.Policy.LearningRate.mean": {
            "value": 4.3329985560000013e-07,
            "min": 4.3329985560000013e-07,
            "max": 0.0002969256010247999,
            "count": 97
        },
        "Huggy.Policy.LearningRate.sum": {
            "value": 4.3329985560000013e-07,
            "min": 4.3329985560000013e-07,
            "max": 0.0002969256010247999,
            "count": 97
        },
        "Huggy.Policy.Epsilon.mean": {
            "value": 0.10014440000000001,
            "min": 0.10014440000000001,
            "max": 0.19897519999999994,
            "count": 97
        },
        "Huggy.Policy.Epsilon.sum": {
            "value": 0.10014440000000001,
            "min": 0.10014440000000001,
            "max": 0.19897519999999994,
            "count": 97
        },
        "Huggy.Policy.Beta.mean": {
            "value": 1.7205560000000004e-05,
            "min": 1.7205560000000004e-05,
            "max": 0.004948862480000001,
            "count": 97
        },
        "Huggy.Policy.Beta.sum": {
            "value": 1.7205560000000004e-05,
            "min": 1.7205560000000004e-05,
            "max": 0.004948862480000001,
            "count": 97
        }
    },
    "metadata": {
        "timer_format_version": "0.1.0",
        "start_time_seconds": "1698635231",
        "python_version": "3.10.10 (main, Mar 21 2023, 18:45:11) [GCC 11.2.0]",
        "command_line_arguments": "/home/antoine/anaconda3/envs/mlagents/bin/mlagents-learn /home/antoine/Dropbox/shared/DSTI/deep_learning/project/ml_agents/ml-agents/configuration_files/training/ppo_num_layers_1.yaml --env=/home/antoine/Dropbox/shared/DSTI/deep_learning/project/ml_agents/ml-agents/trained-envs-executables/linux/Huggy/Huggy --run-id=ppo_num_layers_1_f51dd04e472b409c9453c31899ebe5aa --no-graphics",
        "mlagents_version": "1.1.0.dev0",
        "mlagents_envs_version": "1.1.0.dev0",
        "communication_protocol_version": "1.5.0",
        "pytorch_version": "1.13.1+rocm5.2",
        "numpy_version": "1.23.1",
        "end_time_seconds": "1698636999"
    },
    "total": 1768.5110687139968,
    "count": 1,
    "self": 0.3199268889729865,
    "children": {
        "run_training.setup": {
            "total": 0.02453762901131995,
            "count": 1,
            "self": 0.02453762901131995
        },
        "TrainerController.start_learning": {
            "total": 1768.1666041960125,
            "count": 1,
            "self": 5.82416330439446,
            "children": {
                "TrainerController._reset_env": {
                    "total": 0.707808555001975,
                    "count": 1,
                    "self": 0.707808555001975
                },
                "TrainerController.advance": {
                    "total": 1761.6001747246191,
                    "count": 231500,
                    "self": 2.8525086011359235,
                    "children": {
                        "env_step": {
                            "total": 1758.7476661234832,
                            "count": 231500,
                            "self": 1316.4024386269011,
                            "children": {
                                "SubprocessEnvManager._take_step": {
                                    "total": 439.19692303102056,
                                    "count": 231500,
                                    "self": 14.134749383098097,
                                    "children": {
                                        "TorchPolicy.evaluate": {
                                            "total": 425.06217364792246,
                                            "count": 222885,
                                            "self": 425.06217364792246
                                        }
                                    }
                                },
                                "workers": {
                                    "total": 3.148304465561523,
                                    "count": 231500,
                                    "self": 0.0,
                                    "children": {
                                        "worker_root": {
                                            "total": 1762.4708164074545,
                                            "count": 231500,
                                            "is_parallel": true,
                                            "self": 832.3658927493088,