{
    "name": "root",
    "gauges": {
        "Huggy.Policy.Entropy.mean": {
            "value": 1.378307580947876,
            "min": 1.378307580947876,
            "max": 1.4287534952163696,
            "count": 200
        },
        "Huggy.Policy.Entropy.sum": {
            "value": 14240.673828125,
            "min": 11148.7392578125,
            "max": 19145.73828125,
            "count": 200
        },
        "Huggy.Environment.EpisodeLength.mean": {
            "value": 75.05343511450381,
            "min": 62.583333333333336,
            "max": 477.2857142857143,
            "count": 200
        },
        "Huggy.Environment.EpisodeLength.sum": {
            "value": 9832.0,
            "min": 7426.0,
            "max": 12505.0,
            "count": 200
        },
        "Huggy.Step.mean": {
            "value": 1999975.0,
            "min": 9371.0,
            "max": 1999975.0,
            "count": 200
        },
        "Huggy.Step.sum": {
            "value": 1999975.0,
            "min": 9371.0,
            "max": 1999975.0,
            "count": 200
        },
        "Huggy.Policy.ExtrinsicValueEstimate.mean": {
            "value": 2.509038209915161,
            "min": -0.06911126524209976,
            "max": 2.6273698806762695,
            "count": 200
        },
        "Huggy.Policy.ExtrinsicValueEstimate.sum": {
            "value": 328.68402099609375,
            "min": -2.073338031768799,
            "max": 375.4638671875,
            "count": 200
        },
        "Huggy.Environment.CumulativeReward.mean": {
            "value": 3.892449971373755,
            "min": 1.3823425390503623,
            "max": 4.166449718510926,
            "count": 200
        },
        "Huggy.Environment.CumulativeReward.sum": {
            "value": 509.91094624996185,
            "min": 30.41153585910797,
            "max": 592.7187988758087,
            "count": 200
        },
        "Huggy.Policy.ExtrinsicReward.mean": {
            "value": 3.892449971373755,
            "min": 1.3823425390503623,
            "max": 4.166449718510926,
            "count": 200
        },
        "Huggy.Policy.ExtrinsicReward.sum": {
            "value": 509.91094624996185,
            "min": 30.41153585910797,
            "max": 592.7187988758087,
            "count": 200
        },
        "Huggy.IsTraining.mean": {
            "value": 1.0,
            "min": 1.0,
            "max": 1.0,
            "count": 200
        },
        "Huggy.IsTraining.sum": {
            "value": 1.0,
            "min": 1.0,
            "max": 1.0,
            "count": 200
        },
        "Huggy.Losses.PolicyLoss.mean": {
            "value": 0.01334710099035874,
            "min": 0.0112085993552076,
            "max": 0.023599482574112093,
            "count": 97
        },
        "Huggy.Losses.PolicyLoss.sum": {
            "value": 0.01334710099035874,
            "min": 0.0112085993552076,
            "max": 0.023599482574112093,
            "count": 97
        },
        "Huggy.Losses.ValueLoss.mean": {
            "value": 0.055188243215282755,
            "min": 0.02131445612758398,
            "max": 0.07054061231513818,
            "count": 97
        },
        "Huggy.Losses.ValueLoss.sum": {
            "value": 0.055188243215282755,
            "min": 0.02131445612758398,
            "max": 0.07054061231513818,
            "count": 97
        },
        "Huggy.Policy.LearningRate.mean": {
            "value": 0.0003,
            "min": 0.0003,
            "max": 0.0003,
            "count": 97
        },
        "Huggy.Policy.LearningRate.sum": {
            "value": 0.0003,
            "min": 0.0003,
            "max": 0.0003,
            "count": 97
        },
        "Huggy.Policy.Epsilon.mean": {
            "value": 0.20000000000000007,
            "min": 0.20000000000000007,
            "max": 0.20000000000000007,
            "count": 97
        },
        "Huggy.Policy.Epsilon.sum": {
            "value": 0.20000000000000007,
            "min": 0.20000000000000007,
            "max": 0.20000000000000007,
            "count": 97
        },
        "Huggy.Policy.Beta.mean": {
            "value": 0.005000000000000001,
            "min": 0.005000000000000001,
            "max": 0.005000000000000001,
            "count": 97
        },
        "Huggy.Policy.Beta.sum": {
            "value": 0.005000000000000001,
            "min": 0.005000000000000001,
            "max": 0.005000000000000001,
            "count": 97
        }
    },
    "metadata": {
        "timer_format_version": "0.1.0",
        "start_time_seconds": "1698633157",
        "python_version": "3.10.10 (main, Mar 21 2023, 18:45:11) [GCC 11.2.0]",
        "command_line_arguments": "/home/antoine/anaconda3/envs/mlagents/bin/mlagents-learn /home/antoine/Dropbox/shared/DSTI/deep_learning/project/ml_agents/ml-agents/configuration_files/training/ppo_learning_rate_schedule_constant.yaml --env=/home/antoine/Dropbox/shared/DSTI/deep_learning/project/ml_agents/ml-agents/trained-envs-executables/linux/Huggy/Huggy --run-id=ppo_learning_rate_schedule_constant_14be8f2e0977420786a39ed6be7f59d1 --no-graphics",
        "mlagents_version": "1.1.0.dev0",
        "mlagents_envs_version": "1.1.0.dev0",
        "communication_protocol_version": "1.5.0",
        "pytorch_version": "1.13.1+rocm5.2",
        "numpy_version": "1.23.1",
        "end_time_seconds": "1698635228"
    },
    "total": 2070.546890301004,
    "count": 1,
    "self": 0.27843433200905565,
    "children": {
        "run_training.setup": {
            "total": 0.02209676399070304,
            "count": 1,
            "self": 0.02209676399070304
        },
        "TrainerController.start_learning": {
            "total": 2070.2463592050044,
            "count": 1,
            "self": 6.145718026527902,
            "children": {
                "TrainerController._reset_env": {
                    "total": 0.7296258330025012,
                    "count": 1,
                    "self": 0.7296258330025012
                },
                "TrainerController.advance": {
                    "total": 2063.2916339384683,
                    "count": 233834,
                    "self": 2.800635900683119,
                    "children": {
                        "env_step": {
                            "total": 2060.490998037785,
                            "count": 233834,
                            "self": 1624.7568869812967,
                            "children": {
                                "SubprocessEnvManager._take_step": {
                                    "total": 432.36906511714915,
                                    "count": 233834,
                                    "self": 14.841796705077286,
                                    "children": {
                                        "TorchPolicy.evaluate": {
                                            "total": 417.52726841207186,
                                            "count": 222994,
                                            "self": 417.52726841207186
                                        }
                                    }
                                },
                                "workers": {
                                    "total": 3.365045939339325,
                                    "count": 233834,
                                    "self": 0.0,
                                    "children": {
                                        "worker_root": {
                                            "total": 2064.142204896998,
                                            "count": 233834,
                                            "is_parallel": true,
                                            "self": 1074.0686104132183,
                                            "children": {
                                                "run_training.setup": {
                                                    "total": 0.0,