{
    "name": "root",
    "gauges": {
        "Huggy.Policy.Entropy.mean": {
            "value": 1.3801442384719849,
            "min": 1.3801442384719849,
            "max": 1.4215284585952759,
            "count": 200
        },
        "Huggy.Policy.Entropy.sum": {
            "value": 15399.6494140625,
            "min": 10216.8642578125,
            "max": 20580.283203125,
            "count": 200
        },
        "Huggy.Environment.EpisodeLength.mean": {
            "value": 83.43697478991596,
            "min": 68.50694444444444,
            "max": 491.8095238095238,
            "count": 200
        },
        "Huggy.Environment.EpisodeLength.sum": {
            "value": 9929.0,
            "min": 7165.0,
            "max": 12734.0,
            "count": 200
        },
        "Huggy.Step.mean": {
            "value": 1999952.0,
            "min": 9705.0,
            "max": 1999952.0,
            "count": 200
        },
        "Huggy.Step.sum": {
            "value": 1999952.0,
            "min": 9705.0,
            "max": 1999952.0,
            "count": 200
        },
        "Huggy.Policy.ExtrinsicValueEstimate.mean": {
            "value": 2.4511005878448486,
            "min": -0.027826407924294472,
            "max": 2.5935895442962646,
            "count": 200
        },
        "Huggy.Policy.ExtrinsicValueEstimate.sum": {
            "value": 291.68096923828125,
            "min": -0.6678338050842285,
            "max": 352.7856750488281,
            "count": 200
        },
        "Huggy.Environment.CumulativeReward.mean": {
            "value": 3.6873631908112214,
            "min": 1.6687323465233757,
            "max": 4.288223506013552,
            "count": 200
        },
        "Huggy.Environment.CumulativeReward.sum": {
            "value": 438.79621970653534,
            "min": 35.04337927699089,
            "max": 542.0296725034714,
            "count": 200
        },
        "Huggy.Policy.ExtrinsicReward.mean": {
            "value": 3.6873631908112214,
            "min": 1.6687323465233757,
            "max": 4.288223506013552,
            "count": 200
        },
        "Huggy.Policy.ExtrinsicReward.sum": {
            "value": 438.79621970653534,
            "min": 35.04337927699089,
            "max": 542.0296725034714,
            "count": 200
        },
        "Huggy.IsTraining.mean": {
            "value": 1.0,
            "min": 1.0,
            "max": 1.0,
            "count": 200
        },
        "Huggy.IsTraining.sum": {
            "value": 1.0,
            "min": 1.0,
            "max": 1.0,
            "count": 200
        },
        "Huggy.Losses.PolicyLoss.mean": {
            "value": 0.015678326482884586,
            "min": 0.010670412671364224,
            "max": 0.02332634491904173,
            "count": 97
        },
        "Huggy.Losses.PolicyLoss.sum": {
            "value": 0.015678326482884586,
            "min": 0.010670412671364224,
            "max": 0.02332634491904173,
            "count": 97
        },
        "Huggy.Losses.ValueLoss.mean": {
            "value": 0.05953491305311521,
            "min": 0.022512335081895193,
            "max": 0.07575053398807843,
            "count": 97
        },
        "Huggy.Losses.ValueLoss.sum": {
            "value": 0.05953491305311521,
            "min": 0.022512335081895193,
            "max": 0.07575053398807843,
            "count": 97
        },
        "Huggy.Policy.LearningRate.mean": {
            "value": 2.832999055999835e-07,
            "min": 2.832999055999835e-07,
            "max": 0.00029691885102704996,
            "count": 97
        },
        "Huggy.Policy.LearningRate.sum": {
            "value": 2.832999055999835e-07,
            "min": 2.832999055999835e-07,
            "max": 0.00029691885102704996,
            "count": 97
        },
        "Huggy.Policy.Epsilon.mean": {
            "value": 0.10018880000000004,
            "min": 0.10018880000000004,
            "max": 0.29794590000000004,
            "count": 97
        },
        "Huggy.Policy.Epsilon.sum": {
            "value": 0.10018880000000004,
            "min": 0.10018880000000004,
            "max": 0.29794590000000004,
            "count": 97
        },
        "Huggy.Policy.Beta.mean": {
            "value": 1.471055999999973e-05,
            "min": 1.471055999999973e-05,
            "max": 0.004948750205,
            "count": 97
        },
        "Huggy.Policy.Beta.sum": {
            "value": 1.471055999999973e-05,
            "min": 1.471055999999973e-05,
            "max": 0.004948750205,
            "count": 97
        }
    },
    "metadata": {
        "timer_format_version": "0.1.0",
        "start_time_seconds": "1698621450",
        "python_version": "3.10.10 (main, Mar 21 2023, 18:45:11) [GCC 11.2.0]",
        "command_line_arguments": "/home/antoine/anaconda3/envs/mlagents/bin/mlagents-learn /home/antoine/Dropbox/shared/DSTI/deep_learning/project/ml_agents/ml-agents/configuration_files/training/ppo_epsilon_0.3.yaml --env=/home/antoine/Dropbox/shared/DSTI/deep_learning/project/ml_agents/ml-agents/trained-envs-executables/linux/Huggy/Huggy --run-id=ppo_epsilon_0.3_1aee918cb22347a3b81c8f919b4d1441 --no-graphics",
        "mlagents_version": "1.1.0.dev0",
        "mlagents_envs_version": "1.1.0.dev0",
        "communication_protocol_version": "1.5.0",
        "pytorch_version": "1.13.1+rocm5.2",
        "numpy_version": "1.23.1",
        "end_time_seconds": "1698623480"
    },
    "total": 2030.275543034004,
    "count": 1,
    "self": 0.2700376430002507,
    "children": {
        "run_training.setup": {
            "total": 0.02132186600647401,
            "count": 1,
            "self": 0.02132186600647401
        },
        "TrainerController.start_learning": {
            "total": 2029.9841835249972,
            "count": 1,
            "self": 6.010814593304531,
            "children": {
                "TrainerController._reset_env": {
                    "total": 0.9819934580009431,
                    "count": 1,
                    "self": 0.9819934580009431
                },
                "TrainerController.advance": {
                    "total": 2022.907330574686,
                    "count": 233261,
                    "self": 2.962776179992943,
                    "children": {
                        "env_step": {
                            "total": 2019.9445543946931,
                            "count": 233261,
                            "self": 1590.6491350793367,
                            "children": {
                                "SubprocessEnvManager._take_step": {
                                    "total": 425.9956612176029,
                                    "count": 233261,
                                    "self": 14.52013305928267,
                                    "children": {
                                        "TorchPolicy.evaluate": {
                                            "total": 411.47552815832023,
                                            "count": 223106,
                                            "self": 411.47552815832023
                                        }
                                    }
                                },
                                "workers": {
                                    "total": 3.299758097753511,
                                    "count": 233261,
                                    "self": 0.0,
                                    "children": {
                                        "worker_root": {
                                            "total": 2023.9486463845824,
                                            "count": 233261,
                                            "is_parallel": true,
                                            "self": 1060.4655361532205,